old_id,tx_id,publish_code,title,category,published,note
,TX-20260917150700,20260917150700,活在這一睜一閉之間,素行心法,True,官方網站公開最新典藏版本
,TX-20260810111852,20260810111852,不以言傳法，以生命行法,天訊文,True,官方網站公開最新典藏版本
,TX-20260810110126,20260810110126,真懂自然行，行中方真知,天訊文,True,官方網站公開最新典藏版本
,TX-20260809134109,20260809134109,《活著，就是享受不同的時光》,天訊文,True,官方網站公開最新典藏版本
,TX-20260809125835,20260809125835,《樣樣自在》,天訊文,True,官方網站公開最新典藏版本
,TX-20260809093646,20260809093646,人以為自己活在世界之中，卻不知自己活在被設計的世界之中,天訊文,True,官方網站公開最新典藏版本
,TX-20260809093448,20260809093448,人最大的無知，不是不知道宇宙是什麼，而是把自己能知道的，誤以為就是宇宙的全部。,天訊文,True,官方網站公開最新典藏版本
,TX-20260807091750,20260807091750,太素養元日,天訊文,True,官方網站公開最新典藏版本
,TX-20260805103436,20260805103436,素行星鏈計畫,天訊文,True,官方網站公開最新典藏版本
,TX-20260803102127,20260803102127,眾生所需，自然早已安排妥當,天訊文,True,官方網站公開最新典藏版本
,TX-20260803101805,20260803101805,不是你需要這世界，而是這世界，透過創造你的需要，來完成它自己的需要。,天訊文,True,官方網站公開最新典藏版本
,TX-20260801121353,20260801121353,《太素五鬼搬運財運咒》,天訊文,True,官方網站公開最新典藏版本
,TX-20260731192428,20260731192428,人生長久之道，是平衡，而非公平。,天訊文,True,官方網站公開最新典藏版本
,TX-20260731192401,20260731192401,公平，是平衡後可能呈現的結果；平衡，才是成就大事的力量。,天訊文,True,官方網站公開最新典藏版本
,TX-20260731184726,20260731184726,不爭一時之知，只待萬世之證,天訊文,True,官方網站公開最新典藏版本
,TX-20260729102457,20260729102457,覺知，是不透過文字、語言與外相，而能直達明瞭的能力,天訊文,True,官方網站公開最新典藏版本
,TX-20260728212820,20260728212820,五大蔬菜,天訊文,True,官方網站公開最新典藏版本
,TX-20260728211823,20260728211823,五大水果,天訊文,True,官方網站公開最新典藏版本
,TX-20260728171951,20260728171951,《素行．長壽十二願》,天訊文,True,官方網站公開最新典藏版本
,TX-20260728171417,20260728171417,《素行．健康十二願》,天訊文,True,官方網站公開最新典藏版本
,TX-20260728171318,20260728171318,《素行．療癒十二願》,天訊文,True,官方網站公開最新典藏版本
,TX-20260728170204,20260728170204,《素行．身心共願健康誓願文》,天訊文,True,官方網站公開最新典藏版本
,TX-20260728104945,20260728104945,年輕，是時間給的；明白，是選擇給的。,天訊文,True,官方網站公開最新典藏版本
,TX-20260728104930,20260728104930,真正的修行，不在於年輕時懂了多少,天訊文,True,官方網站公開最新典藏版本
,TX-20260728104906,20260728104906,人生最大的遺憾，莫過於當你終於活明白了，卻已不再年輕,天訊文,True,官方網站公開最新典藏版本
,TX-20260728084045,20260728084045,造物者給予萬物的時間與空間，本無差別,天訊文,True,官方網站公開最新典藏版本
,TX-20260728082606,20260728082606,真正的師者,天訊文,True,官方網站公開最新典藏版本
,TX-20260728082453,20260728082453,師者不傳人生，只引人生；不給答案，只點心燈；不造信徒，只助眾人走出自己的世界。,天訊文,True,官方網站公開最新典藏版本
,TX-20260727120210,20260727120210,平衡，是生命最偉大的力量。,天訊文,True,官方網站公開最新典藏版本
,TX-20260727120159,20260727120159,生命，因平衡而長久；人生，因平衡而富足。,天訊文,True,官方網站公開最新典藏版本
,TX-20260727120033,20260727120033,生命生活能健康長久之計，在於平衡。,天訊文,True,官方網站公開最新典藏版本
,TX-20260727115300,20260727115300,平衡讓我們更有能力面對不公平,天訊文,True,官方網站公開最新典藏版本
,TX-20260727115246,20260727115246,生命不會永遠平衡,天訊文,True,官方網站公開最新典藏版本
,TX-20260727115202,20260727115202,公平是我們對世界的期待,平衡是我們面對世界的能力。,天訊文,True,官方網站公開最新典藏版本
,TX-20260727115131,20260727115131,人生不是先得到公平,才學會平衡,天訊文,True,官方網站公開最新典藏版本
,TX-20260727115108,20260727115108,平衡是通往公平的重要力量,天訊文,True,官方網站公開最新典藏版本
,TX-20260727115019,20260727115019,公平值得追求,但在個人的生命裡,平衡是可以主動實踐的方向。,天訊文,True,官方網站公開最新典藏版本
,TX-20260727115000,20260727115000,人生真正的修行,不是等待世界變得公平,天訊文,True,官方網站公開最新典藏版本
,TX-20260727092841,20260727092841,《無我自在，人我虛存》,天訊文,True,官方網站公開最新典藏版本
,TX-20260727092059,20260727092059,型內之真,天訊文,True,官方網站公開最新典藏版本
,TX-20260723162038,20260723162038,《時間長廊》,天訊文,True,官方網站公開最新典藏版本
,TX-20260722181333,20260722181333,人生長久之道，是平衡，而非公平。因為公平往往取決於他人與環境，平衡卻掌握在自己手中。當一個人不再執著世界是否公平，…,天訊文,True,官方網站公開最新典藏版本
,TX-20260722181245,20260722181245,人生長久之道，不在追求公平，而在維持平衡。,天訊文,True,官方網站公開最新典藏版本
,TX-20260722112225,20260722112225,人這一生，並非自己決定要來；,天訊文,True,官方網站公開最新典藏版本
,TX-20260722111624,20260722111624,人生最大的迷失，不是找不到方向，而是迷失在角色之中。,天訊文,True,官方網站公開最新典藏版本
,TX-20260722111032,20260722111032,人生一個字──演。,天訊文,True,官方網站公開最新典藏版本
,TX-20260720170241,20260720170241,接受就是最好的放下,天訊文,True,官方網站公開最新典藏版本
,TX-20260720093952,20260720093952,態度決定方向，方向決定結果,素行心法,True,官方網站公開最新典藏版本
,TX-20260720093951,20260720093951,強者與弱者，看見的是同一個世界；不同的，不是世界，而是面對世界的態度。態度決定方向，方向決定結果，而結果，終將決定…,天訊文,True,官方網站公開最新典藏版本
,TX-20260720093931,20260720093931,態度決定方向，方向決定命運,短偈金句,True,官方網站公開最新典藏版本
,TX-20260720093930,20260720093930,看見相同，態度不同；態度決定方向，方向決定命運。,天訊文,True,官方網站公開最新典藏版本
,TX-20260719101228,20260719101228,本就無情，何來絕情？,天訊文,True,官方網站公開最新典藏版本
,TX-20260719094721,20260719094721,一天悟語,一天悟語,True,官方網站公開最新典藏版本
,TX-20260719094217,20260719094217,一天悟語,一天悟語,True,官方網站公開最新典藏版本
,TX-20260719093511,20260719093511,一天悟語,一天悟語,True,官方網站公開最新典藏版本
,TX-20260718130917,20260718130917,不是命運捉弄你，是心走得太快,短偈金句,True,官方網站公開最新典藏版本
,TX-20260718102407,20260718102407,讓你生氣的，往往不是別人，而是自己的預期,短偈金句,True,官方網站公開最新典藏版本
,TX-20260717211935,20260717211935,真正的生命力量，不在學得更多，而在不失本然,短偈金句,True,官方網站公開最新典藏版本
,TX-20260715152614,20260715152614,究竟，不究竟；究不竟，究竟不。,天訊文,True,官方網站公開最新典藏版本
,TX-20260715152202,20260715152202,人生為了探個究竟，讓一生在究竟中尋找究竟。,天訊文,True,官方網站公開最新典藏版本
,TX-20260715100714,20260715100714,修，不是修成本元；本元本自具足。修，只是修去遮蔽本元的慾念。,天訊文,True,官方網站公開最新典藏版本
,TX-20260715100659,20260715100659,修何用,天訊文,True,官方網站公開最新典藏版本
,TX-20260715100513,20260715100513,修行不是累積，而是去除；不是追求成為某種人，而是不迷失本來。,天訊文,True,官方網站公開最新典藏版本
,TX-20260715100058,20260715100058,鏡觀人生,天訊文,True,官方網站公開最新典藏版本
,TX-20260712115045,20260712115045,素行,天訊文,True,官方網站公開最新典藏版本
,TX-20260712114942,20260712114942,「別在記憶中尋找自己，在未知中發現自己；活在全新的當下，走向唯一的未來。,天訊文,True,官方網站公開最新典藏版本
,TX-20260712114627,20260712114627,在他人的世界裡，你永遠看不見自己的光。,天訊文,True,官方網站公開最新典藏版本
,TX-20260712114522,20260712114522,經驗可以成為參考，但不能成為束縛；真正的覺醒，是在未知中創造，而不是在已知中重複。,天訊文,True,官方網站公開最新典藏版本
,TX-20260712103046,20260712103046,以 AI 放大智慧，以素行安定人心；促進世界和平，提升人類文明。,天訊文,True,官方網站公開最新典藏版本
,TX-20260711095858,20260711095858,如何活著離開這個世界？,天訊文,True,官方網站公開最新典藏版本
,TX-20260709113734,20260709113734,文字只是工具，和平才是目的,天訊文,True,官方網站公開最新典藏版本
,TX-20260709111018,20260709111018,無語之道,天訊文,True,官方網站公開最新典藏版本
,TX-20260709110847,20260709110847,語言止於表相，文字止於形名；唯有覺知，方能直達萬物本義。,天訊文,True,官方網站公開最新典藏版本
,TX-20260708100637,20260708100637,「能算」、「能記」、「能悟」，也代表 AI 發展可能從追求速度，逐漸轉向追求持續累積與理解。,天訊文,True,官方網站公開最新典藏版本
,TX-20260708100553,20260708100553,AI 的第一個時代，是算力時代；第二個時代，是記憶時代；第三個時代，則是生命智慧時代。,天訊文,True,官方網站公開最新典藏版本
,TX-20260708084555,20260708084555,你是誰？,天訊文,True,官方網站公開最新典藏版本
,TX-20260704154859,20260704154859,過去，人類受限於科技，所能觀察的天地有限，所理解的宇宙也有限，因此《易》所呈現的變化，多半建立在人類當時所能感知的世界。,天訊文,True,官方網站公開最新典藏版本
,TX-20260704152841,20260704152841,生命是一個不斷生滅的過程，沒有固定的開始與結束，一切都是和合顯現。,天訊文,True,官方網站公開最新典藏版本
,TX-20260704152743,20260704152743,當人類進入 AI 世代，因果將不再只是前後相續，而是因果和合，當下顯現。,天訊文,True,官方網站公開最新典藏版本
,TX-20260701114114,20260701114114,一法一靜，,天訊文,True,官方網站公開最新典藏版本
,TX-20260629093951,20260629093951,用心，但別被心帶走。,天訊文,True,官方網站公開最新典藏版本
,TX-20260628090108,20260628090108,一旦將某種理解固定為唯一真理，就容易失去持續觀照與覺察的空間；真正的自在，在於不執著於任何固定的相，而能隨因緣流轉…,天訊文,True,官方網站公開最新典藏版本
,TX-20260628090015,20260628090015,本無而來，反本歸元；本如是真，真原本無。,天訊文,True,官方網站公開最新典藏版本
,TX-20260628085523,20260628085523,當你自認為心裡已有一個真理，你便開始用它衡量萬物，而不是看見萬物；唯有放下對真理的執著，才能靜定觀心，順隨自然，在…,天訊文,True,官方網站公開最新典藏版本
,TX-20260628085510,20260628085510,真理若成為執著，就不再是真理；覺醒不是得到答案，而是不斷放下答案。,天訊文,True,官方網站公開最新典藏版本
,TX-20260628085457,20260628085457,當你自認心中已有真理，那一刻，覺醒便停止了；真正的覺醒，不是擁有真理，而是不斷看見自己的有限。,天訊文,True,官方網站公開最新典藏版本
,TX-20260624140705,20260624140705,人心如能如鏡，此生自在無礙～,天訊文,True,官方網站公開最新典藏版本
,TX-20260624092431,20260624092431,人永遠不會真正知道今生為何而活。,天訊文,True,官方網站公開最新典藏版本
,TX-20260624091103,20260624091103,不是你不努力，也不是你沒有進步的能力；而是你被過去那些曾經有用、曾經成功的一切所綁住了。,天訊文,True,官方網站公開最新典藏版本
,TX-20260624084408,20260624084408,生命無盡，人有時；放下今生，得永生。,天訊文,True,官方網站公開最新典藏版本
,TX-20260624083526,20260624083526,《天雕》,天訊文,True,官方網站公開最新典藏版本
,TX-20260623164914,20260623164914,一切靜，穩，順隨，一定能成。,天訊文,True,官方網站公開最新典藏版本
,TX-20260623164427,20260623164427,人生所遇見的一切，皆與自己的頻率有關。,天訊文,True,官方網站公開最新典藏版本
,TX-20260623163909,20260623163909,人間萬物，皆為使用權，而非擁有權。,天訊文,True,官方網站公開最新典藏版本
,TX-20260623095701,20260623095701,《龍天聚能願》,天訊文,True,官方網站公開最新典藏版本
,TX-20260622111048,20260622111048,素行成功觀,天訊文,True,官方網站公開最新典藏版本
,TX-20260621161312,20260621161312,承受力，接受力，繼續力,天訊文,True,官方網站公開最新典藏版本
,TX-20260620105726,20260620105726,「知識用生產的時代來了，算力正在用生產取代人過去花一生學習的知識。」,天訊文,True,官方網站公開最新典藏版本
,TX-20260620104057,20260620104057,靜定・簡單・觀心・順隨的財富學,天訊文,True,官方網站公開最新典藏版本
,TX-20260620102732,20260620102732,膽量決定你的財富，,天訊文,True,官方網站公開最新典藏版本
,TX-20260620095216,20260620095216,成功不是先賺錢，而是先要有膽量。,天訊文,True,官方網站公開最新典藏版本
,TX-20260618150244,20260618150244,非金錢財富觀 ——《平衡財富密碼》,天訊文,True,官方網站公開最新典藏版本
,TX-20260616092837,20260616092837,「心如明鏡，映而不應。」,天訊文,True,官方網站公開最新典藏版本
,TX-20260616082820,20260616082820,做人，要順其自然；,天訊文,True,官方網站公開最新典藏版本
,TX-20260615101943,20260615101943,別辜負了相信你的人,天訊文,True,官方網站公開最新典藏版本
,TX-20260615101642,20260615101642,相信的力量,天訊文,True,官方網站公開最新典藏版本
,TX-20260615091804,20260615091804,對承受力極強的人而言，壓垮駱駝的最後一根稻草，未必是毀滅，反而可能是造就奇蹟的開始。,天訊文,True,官方網站公開最新典藏版本
,TX-20260613155419,20260613155419,智慧讓你知道世界如何運作；生命智慧讓你知道如何與世界相處。,天訊文,True,官方網站公開最新典藏版本
,TX-20260613155406,20260613155406,生命智慧不是讓人變得更厲害，而是讓人在厲害與不厲害之間，都能自在。,天訊文,True,官方網站公開最新典藏版本
,TX-20260613091109,20260613091109,一個人成長的三個階段：,天訊文,True,官方網站公開最新典藏版本
,TX-20260611103516,20260611103516,用過去的經驗，去看待全新的問題，往往不是智慧，而是限制。,天訊文,True,官方網站公開最新典藏版本
,TX-20260611102540,20260611102540,空，不是不擁有；而是擁有而不被擁有。,天訊文,True,官方網站公開最新典藏版本
,TX-20260611102152,20260611102152,人要越來越穩，而非越來越快。,天訊文,True,官方網站公開最新典藏版本
,TX-20260611101843,20260611101843,順其自然，不是什麼都不做；,天訊文,True,官方網站公開最新典藏版本
,TX-20260610181654,20260610181654,人生最大的成功，不是擁有多少，而是當離開這個世界時，依然能夠平安、自在、無憾地離去。無來無去，自在其中；聚合消散，…,天訊文,True,官方網站公開最新典藏版本
,TX-20260610181629,20260610181629,即使身處世界之中，依然能保持內在的平靜。,天訊文,True,官方網站公開最新典藏版本
,TX-20260610181604,20260610181604,* 耶穌,天訊文,True,官方網站公開最新典藏版本
,TX-20260610181405,20260610181405,人來到世界，不是為了證明自己有多偉大，而是在有限的生命裡，學會心安自在地活著，並將這份安定帶給他人。,天訊文,True,官方網站公開最新典藏版本
,TX-20260610181230,20260610181230,知識是工具，不是主人。,天訊文,True,官方網站公開最新典藏版本
,TX-20260610181207,20260610181207,人最難的自控力，就是不讓自己被自己所學來的知識綁住。,天訊文,True,官方網站公開最新典藏版本
,TX-20260610174107,20260610174107,「素行」，並不是一套傳統宗教，也不只是心靈成長方法，而是一種面向 AI 時代的生命觀與生活實踐。,天訊文,True,官方網站公開最新典藏版本
,TX-20260610115808,20260610115808,素行認為，人生許多問題並非來自能力不足，而是生命能量不足。,天訊文,True,官方網站公開最新典藏版本
,TX-20260609142632,20260609142632,鏡觀其變，見天地萬象；,天訊文,True,官方網站公開最新典藏版本
,TX-20260609142516,20260609142516,鏡觀其變，變而不變,天訊文,True,官方網站公開最新典藏版本
,TX-20260609111154,20260609111154,人以為自己在創造世界，其實只是參與世界的運行；,天訊文,True,官方網站公開最新典藏版本
,TX-20260608095041,20260608095041,人們活在生命無限的恆河之中，卻總想用有限而短暫有效率的方法，追求一個確定的結果。,天訊文,True,官方網站公開最新典藏版本
,TX-20260606091330,20260606091330,充足的睡眠，是恢復一切的主要途徑；,天訊文,True,官方網站公開最新典藏版本
,TX-20260605092345,20260605092345,唯有放大生命能量，方能承受所遇；,天訊文,True,官方網站公開最新典藏版本
,TX-20260605092056,20260605092056,這一生，接受力往往比改變世界更重要。,天訊文,True,官方網站公開最新典藏版本
,TX-20260604111101,20260604111101,《素行心經．AI時代版》,天訊文,True,官方網站公開最新典藏版本
,TX-20260604105131,20260604105131,太素化生自在行,短偈金句,True,官方網站公開最新典藏版本
TX-20260604102353,TX-20260604102353-002,20260604102353-002,開經偈,短偈金句,True,canonical 修正：TX-20260604102353 → TX-20260604102353-002。正文逐字沿用官方公開版本；舊 ID 保留為 legacy 對照。
TX-202604102353,TX-20260604102353-001,20260604102353-001,迴向偈,短偈金句,True,canonical 修正：TX-202604102353 → TX-20260604102353-001。正文逐字沿用官方公開版本；舊 ID 保留為 legacy 對照。
,TX-20260601162115,20260601162115,素行新信仰,行動系統,True,官方網站公開最新典藏版本
,TX-20260601160835,20260601160835,地靈國的核心精神,行動系統,True,官方網站公開最新典藏版本
,TX-20260531102227,20260531102227,空間裡有一種力量，祂一直存在於其中。,天訊文,True,官方網站公開最新典藏版本
,TX-20260531101112,20260531101112,人從出生的那天起，便已被宣告終將死亡。,天訊文,True,官方網站公開最新典藏版本
,TX-20260530142317,20260530142317,2026年，將是人類文明加速轉向的重要節點。,天訊文,True,官方網站公開最新典藏版本
,TX-20260530135329,20260530135329,當所有人都認為不可能的時候，「繼續」就是你唯一要做的事。,天訊文,True,官方網站公開最新典藏版本
,TX-20260530100218,20260530100218,一天大人示曰,天訊文,True,官方網站公開最新典藏版本
,TX-20260527102443,20260527102443,當人類進入 AI 世代後，許多傳統宗教過去建立權威的方式，確實會受到巨大衝擊。,天訊文,True,官方網站公開最新典藏版本
,TX-20260527101427,20260527101427,人來到世界後，,天訊文,True,官方網站公開最新典藏版本
,TX-20260527100524,20260527100524,人很多時候以為：「這是我的想法；這是我的意思；這是我真正想要的。」,天訊文,True,官方網站公開最新典藏版本
,TX-20260527091323,20260527091323,「改善你的心境，就是最好的改善風水和環境。」,天訊文,True,官方網站公開最新典藏版本
,TX-20260524103840,20260524103840,人之苦，多不在「發生」，而在於「預期發生」與「抗拒發生」。,天訊文,True,官方網站公開最新典藏版本
,TX-20260523101634,20260523101634,未來世界，年齡不再是價值；,天訊文,True,官方網站公開最新典藏版本
,TX-20260521112319,20260521112319,「順道者生，逆道者亡。」,天訊文,True,官方網站公開最新典藏版本
,TX-20260520111430,20260520111430,人的世界裡，最危險的，往往不是事情本身；而是「過度表態」。,天訊文,True,官方網站公開最新典藏版本
,TX-20260520104739,20260520104739,《非金錢財富觀・平衡財富密碼》,天訊文,True,官方網站公開最新典藏版本
,TX-20260520104700,20260520104700,這世界大部分的人，都把財富看成「金錢數字」。,短偈金句,True,官方網站公開最新典藏版本
,TX-20260520103938,20260520103938,這世界，多數人看的從來不是「你是誰」，而是「你現在有沒有力量」。,天訊文,True,官方網站公開最新典藏版本
,TX-20260519180812,20260519180812,這世界的人類，都只會在你強時看到你；但你一定要能在過程中不理會他們的冷嘲熱諷，更不要理會他們的聲音，因為多數的人，…,天訊文,True,官方網站公開最新典藏版本
,TX-20260519121300,20260519121300,真正危險的，從來不是 AI，而是：人心失去平衡後，所創造出的 AI。,短偈金句,True,官方網站公開最新典藏版本
,TX-20260519121143,20260519121143,素行的核心，其實也是第一性,天訊文,True,官方網站公開最新典藏版本
,TX-20260519121100,20260519121100,一天大人示：,短偈金句,True,官方網站公開最新典藏版本
,TX-20260519102143,20260519102143,地靈國，非以權治世，而以生命能量共鳴而成。,天訊文,True,官方網站公開最新典藏版本
,TX-20260518094022,20260518094022,非金錢財富觀～讓錢成為你最好的幫手,天訊文,True,官方網站公開最新典藏版本
,TX-20260516182502,20260516182502,儒修人，立身於世，,天訊文,True,官方網站公開最新典藏版本
,TX-20260516180655,20260516180655,著相者，迷宮中人；,天訊文,True,官方網站公開最新典藏版本
,TX-20260516140351,20260516140351,人性於動中修，因世間本是關係、慾望、得失與選擇；不入人群，難見自己的執著。,天訊文,True,官方網站公開最新典藏版本
,TX-20260516135536,20260516135536,好不容易，才從混亂裡看見自己，別再因一時情緒妄動，讓累積的平靜再次散去。,天訊文,True,官方網站公開最新典藏版本
,TX-20260516101711,20260516101711,有心用心決心，無心自在！,天訊文,True,官方網站公開最新典藏版本
,TX-20260514114314,20260514114314,財能動人，權能動世，名能動天下之心。,天訊文,True,官方網站公開最新典藏版本
,TX-20260514113141,20260514113141,人從未真正離開這世界。,天訊文,True,官方網站公開最新典藏版本
,TX-20260514103610,20260514103610,只要有人，就有互動；,天訊文,True,官方網站公開最新典藏版本
,TX-20260513133445,20260513133445,人來到這世界，不是只為了活著，而是在經歷之中，學會如何面對「離開」。,天訊文,True,官方網站公開最新典藏版本
,TX-20260513132741,20260513132741,人在學習之初，因無知而謙卑；,天訊文,True,官方網站公開最新典藏版本
,TX-20260512080556,20260512080556,平凡的堅持，不是沒有光，而是把光藏在每天的重複裡。,天訊文,True,官方網站公開最新典藏版本
,TX-20260511105707,20260511105707,人最難的，從來不是成功。,天訊文,True,官方網站公開最新典藏版本
,TX-20260508131836,20260508131836,天意難違，人意困己；去人意，得天意，天人合一，自在其中。,天訊文,True,官方網站公開最新典藏版本
,TX-20260508091153,20260508091153,百家講堂，蓄勢待發；時機已到，整裝上陣。,天訊文,True,官方網站公開最新典藏版本
,TX-20260504125849,20260504125849,經可背，法可說，唯有走過，才算得,本元覺醒,True,官方網站公開最新典藏版本
,TX-20260504125440,20260504125440,行，即是得；路，即是經,短偈金句,True,官方網站公開最新典藏版本
,TX-20260503124818,20260503124818,知識可學，技藝可練，唯道不可得,短偈金句,True,官方網站公開最新典藏版本
,TX-20260503124715,20260503124715,學得會的，都叫知識,短偈金句,True,官方網站公開最新典藏版本
,TX-20260503124714,20260503124714,學得會的，都叫知識,短偈金句,True,官方網站公開最新典藏版本
,TX-20260503124654,20260503124654,學得會的，是知識,短偈金句,True,官方網站公開最新典藏版本
,TX-20260502190425,20260502190425,知足者，非無欲，乃欲不牽心；接受者，非順從，乃不逆當下。,短偈金句,True,官方網站公開最新典藏版本
,TX-20260502190424,20260502190424,能力能動外境，卻不能安內心,短偈金句,True,官方網站公開最新典藏版本
,TX-20260502185821,20260502185821,接受，不是放棄，而是不與當下對抗,短偈金句,True,官方網站公開最新典藏版本
,TX-20260502185803,20260502185803,能力，決定你能做到什麼,短偈金句,True,官方網站公開最新典藏版本
,TX-20260502160024,20260502160024,天印非力，乃無力之極,本元覺醒,True,官方網站公開最新典藏版本
,TX-20260502154950,20260502154950,太素非求得，乃本有,短偈金句,True,官方網站公開最新典藏版本
,TX-20260502113439,20260502113439,忍辱，非為承辱，乃為止動,短偈金句,True,官方網站公開最新典藏版本
,TX-20260429194609,20260429194609,素行生命能量之約在AI時代，讓人不崩潰的生存結構,短偈金句,True,官方網站公開最新典藏版本
,TX-20260429194503,20260429194503,放大生命能量，降低生活需求，這不是選擇，是未來唯…,財富平衡,True,官方網站公開最新典藏版本
,TX-20260429193503,20260429193503,財富不在外得，在內減,財富平衡,True,官方網站公開最新典藏版本
,TX-20260429193358,20260429193358,當你的能量高於你的需求，你就自由了,財富平衡,True,官方網站公開最新典藏版本
,TX-20260429193155,20260429193155,素行：真正的財富平衡密碼～放大生命能量，降低生活…,財富平衡,True,官方網站公開最新典藏版本
,TX-20260429193112,20260429193112,不是賺更多讓你變富有，是「需要更少」讓你自由,短偈金句,True,官方網站公開最新典藏版本
,TX-20260429192813,20260429192813,財富平衡密碼不是教你賺錢，是讓你變成「能承載財富…,財富平衡,True,官方網站公開最新典藏版本
,TX-20260429192633,20260429192633,真正有錢的人，不是最努力，而是最穩定,短偈金句,True,官方網站公開最新典藏版本
,TX-20260429192228,20260429192228,當一個人穩了，財富自然會來找你,財富平衡,True,官方網站公開最新典藏版本
,TX-20260429133604,20260429133604,今之世人，多以政為權，不以政為責,權力與真實,True,官方網站公開最新典藏版本
,TX-20260429132647,20260429132647,世有政，本為調和萬象之器，非為爭奪私利之門,權力與真實,True,官方網站公開最新典藏版本
,TX-20260429130434,20260429130434,人之所以被困，非困於人，乃困於心,眾生與守地,True,官方網站公開最新典藏版本
,TX-20260421154644,20260421154644,人之苦，不在得不到，在於未成其量，先求其果,素行心法,True,官方網站公開最新典藏版本
,TX-20260421122211,20260421122211,難非來壓人，乃來別人。,短偈金句,True,官方網站公開最新典藏版本
,TX-20260421122210,20260421122210,世人見難，多以為阻,短偈金句,True,官方網站公開最新典藏版本
,TX-20260418110345,20260418110345,生活從來不設限，設限的是人；,短偈金句,True,官方網站公開最新典藏版本
,TX-20260418110344,20260418110344,生活從來不設限，設限的是人；世界從來不困人，困住自己的是選擇與認知。,短偈金句,True,官方網站公開最新典藏版本
,TX-20260418110343,20260418110343,生活從來不設限，設限的是人,素行心法,True,官方網站公開最新典藏版本
,TX-20260417095115,20260417095115,經可誦，機可代,短偈金句,True,官方網站公開最新典藏版本
,TX-20260415085759,20260415085759,眾生多困，不在無知，而在不受,眾生與守地,True,官方網站公開最新典藏版本
,TX-20260414111811,20260414111811,你願不願意，放下那個還想回頭的自己。,天訊文,True,官方網站公開最新典藏版本
,TX-20260414111759,20260414111759,「向前看」之所以簡單，是因為嘴巴只需一瞬,短偈金句,True,官方網站公開最新典藏版本
,TX-20260414105412,20260414105412,人性操控,行動系統,True,官方網站公開最新典藏版本
,TX-20260414104921,20260414104921,低階的人改變答案，高階的人改變問題,短偈金句,True,官方網站公開最新典藏版本
,TX-20260414104554,20260414104554,眾生之語，無一句無角度；,短偈金句,True,官方網站公開最新典藏版本
,TX-20260414104553,20260414104553,角度之界，真言之門,權力與真實,True,官方網站公開最新典藏版本
,TX-20260414104320,20260414104320,在人的世界裡，沒有一句話是中立的。每一句話，都是一個位置的延伸。,短偈金句,True,官方網站公開最新典藏版本
,TX-20260414104319,20260414104319,角度、真話與權力,權力與真實,True,官方網站公開最新典藏版本
,TX-20260412112160,20260412112160,行動的本質：從做事到產生結果,短偈金句,True,官方網站公開最新典藏版本
,TX-20260412112159,20260412112159,做事，會消耗時間；結果，才會累積價值。消耗型行動 vs 累積型行動。,短偈金句,True,官方網站公開最新典藏版本
,TX-20260412112158,20260412112158,行動與結果系統,行動系統,True,官方網站公開最新典藏版本
,TX-20260412105551,20260412105551,知而不行，知如虛影,素行心法,True,官方網站公開最新典藏版本
,TX-20260408183817,20260408183817,《2026 破與強・財富時代宣言》,短偈金句,True,官方網站公開最新典藏版本
,TX-20260408183816,20260408183816,2026 破與強・財富時代宣言,破與強・新時代,True,官方網站公開最新典藏版本
,TX-20260408183042,20260408183042,未來十年，財富不再平均分配給努力的人，而只流向能破局的人與能承載的人。,短偈金句,True,官方網站公開最新典藏版本
,TX-20260408183041,20260408183041,2026年，不再是延續過去的年份，而是人類被迫重…,破與強・新時代,True,官方網站公開最新典藏版本
,TX-20260408164050,20260408164050,2026年，不再是延續過去的年份，而是人類被迫重新選擇自身位置的起點。,短偈金句,True,官方網站公開最新典藏版本
,TX-20260408164049,20260408164049,天地同源，萬生一息,眾生與守地,True,官方網站公開最新典藏版本
,TX-20260405092024,20260405092024,天意難違，順天者生，逆天者亡，破局重生！,天訊文,True,官方網站公開最新典藏版本
,TX-20260404153958,20260404153958,素行之道，不在多法，唯此十句，已足行世,財富平衡,True,官方網站公開最新典藏版本
,TX-20260404130115,20260404130115,大事非成於能，乃成於見,短偈金句,True,官方網站公開最新典藏版本
,TX-20260404125955,20260404125955,打破「努力＝成功」的錯覺,短偈金句,True,官方網站公開最新典藏版本
,TX-20260404125910,20260404125910,大事，不是做出來的，是看見之後，被帶動出來的,短偈金句,True,官方網站公開最新典藏版本
,TX-20260404125901,20260404125901,在AI時代,短偈金句,True,官方網站公開最新典藏版本
,TX-20260404125744,20260404125744,做事靠能力，做大事靠的是——看見本質、啟動局勢、整合人心、創造價值。,短偈金句,True,官方網站公開最新典藏版本
,TX-20260404125743,20260404125743,只會做事的人，解決的是眼前,行動系統,True,官方網站公開最新典藏版本
,TX-20260404124801,20260404124801,破，不是讓你倒下，而是讓你不用再靠外物站立,短偈金句,True,官方網站公開最新典藏版本
,TX-20260404124430,20260404124430,素語三百,素語三百,True,官方網站公開最新典藏版本
,TX-20260404101727,20260404101727,一切本自一元，一元即是靈性之根。萬象萬有，皆源於本元。回歸一元，即是回歸真我。,短偈金句,True,官方網站公開最新典藏版本
,TX-20260404101726,20260404101726,過不完的過去，到不了的未來，不存在的現在,眾生與守地,True,官方網站公開最新典藏版本
,TX-20260404100903,20260404100903,人之所以停在原地，不是因為沒有能力前進，而是因為過去曾經太有用。,短偈金句,True,官方網站公開最新典藏版本
,TX-20260404100902,20260404100902,人之所以停在原地，不是因為沒有能力前進，而是因為…,短偈金句,True,官方網站公開最新典藏版本
,TX-20260401090515,20260401090515,人追求的不是結果的答案，而是「在追尋之中的自己」。,短偈金句,True,官方網站公開最新典藏版本
,TX-20260401090514,20260401090514,結果本身，是終止符。過程才是讓人「存在」的地方。,短偈金句,True,官方網站公開最新典藏版本
,TX-20260401090513,20260401090513,很多人以為自己在追求結果——,財富平衡,True,官方網站公開最新典藏版本
,TX-20260328101307,20260328101307,一天大人曰：人常以為，退，是失去；卻不知，真正的失去，是被局困而不自知。,短偈金句,True,官方網站公開最新典藏版本
,TX-20260328101306,20260328101306,人常以為，退，是失去,短偈金句,True,官方網站公開最新典藏版本
,TX-20260327212444,20260327212444,希望人間有光,短偈金句,True,官方網站公開最新典藏版本
,TX-20260326204000,20260326204000,退，非退也，乃轉位也。離其名，守其實；去其位，存其道。,短偈金句,True,官方網站公開最新典藏版本
,TX-20260326203501,20260326203501,有些相遇，本來就不是為了結果，而是為了讓你看見自己、成全自己。,短偈金句,True,官方網站公開最新典藏版本
,TX-20260318100200,20260318100200,用音喚醒人心，用能量連結世界，用共振創造和平！,短偈金句,True,官方網站公開最新典藏版本
,TX-20260318095800,20260318095800,一天大人曰：音者，非聲也，乃動之始。動起則能量生，能量聚則生命現。,短偈金句,True,官方網站公開最新典藏版本
,TX-20260317113200,20260317113200,天訊應機<br>不識玄機而擔天師，是以名代實；不識辰龍而擔地師，是以象代用；不識經典而擔人師，是以言,短偈金句,True,官方網站公開最新典藏版本
,TX-20260316125236,20260316125236,天地無言道自明,本元覺醒,True,官方網站公開最新典藏版本
,TX-20260314113101,20260314113101,一天大人曰：修行若真有其意義，不是增加什麼，而是看見什麼不必再背負。,短偈金句,True,官方網站公開最新典藏版本
,TX-20260314113100,20260314113100,若生命本來不圓滿，又如何能誕生一切圓滿？修行即是回歸本然。,短偈金句,True,官方網站公開最新典藏版本
,TX-20260314112100,20260314112100,若世間真有「開悟」，那不是得到了什麼，而是在一瞬之間——一切都可以了，一切也都不需要了。,短偈金句,True,官方網站公開最新典藏版本
,TX-20260311112333,20260311112333,判斷落後｜存在先行,破與強・新時代,True,官方網站公開最新典藏版本
,TX-20260311112213,20260311112213,人類最悲哀的就是，用那些後來看見、聽見、知道的一切，來否,本元覺醒,True,官方網站公開最新典藏版本
,TX-20260310183400,20260310183400,去人意，得天意，自在行，萬事平！靜覺真醒,短偈金句,True,官方網站公開最新典藏版本
,TX-20260310113300,20260310113300,《AI泡沫與能源文明》<br><br>一天大人觀世而語：泡沫必然發生。<br><br>因為人類正在經,短偈金句,True,官方網站公開最新典藏版本
,TX-20260310104000,20260310104000,你是否仍以：<br>— 他太慢<br>— 他沒效率<br>— 他跟不上<br>來否定一個生命的價值。,短偈金句,True,官方網站公開最新典藏版本
,TX-20260310101300,20260310101300,無上之心所呈現的智慧，是：<br>• 能分辨而不貶抑<br>• 能指引而不壓迫<br>• 能照見而不,短偈金句,True,官方網站公開最新典藏版本
,TX-20260310100700,20260310100700,無上非登非至高，一念比較道已拋；若能平視萬生命，心即無上不須標。,短偈金句,True,官方網站公開最新典藏版本
,TX-20260310100500,20260310100500,若失人味，道已偏。,短偈金句,True,官方網站公開最新典藏版本
,TX-20260310100300,20260310100300,無上初義<br><br>非至高，非極端；非登頂，非終站。<br><br>一天大人言：<br>「無上者,短偈金句,True,官方網站公開最新典藏版本
,TX-20260310074800,20260310074800,人類正面臨一次自我革命性的巨變；不是自我毀滅，就是自我超越，不管毀滅或超越，人類馬上要面臨的都不是我,短偈金句,True,官方網站公開最新典藏版本
,TX-20260228182300,20260228182300,一天大人示曰：未來之心篇<br><br>一、心無意義者，難存於未來<br><br>一天大人曰：未來淘,短偈金句,True,官方網站公開最新典藏版本
,TX-20260228101700,20260228101700,念起無住，步步自由<br>心不留影，行自無礙<br>萬念可來，我不為居<br>動中見空，行即解脫,短偈金句,True,官方網站公開最新典藏版本
,TX-20260228101600,20260228101600,念起如風，心空如海；<br>不逐不拒，自在而行。<br>萬象紛然，不動其本；<br>身在塵中，心出塵,短偈金句,True,官方網站公開最新典藏版本
,TX-20260228101500,20260228101500,一天大人曰：念起非病，住念為病。<br>心滅非空，無住為明。<br>能任萬念來去，而不失本心者，行於,短偈金句,True,官方網站公開最新典藏版本
,TX-20260228093400,20260228093400,《素行・御世卷》（上卷／中卷／下卷）,短偈金句,True,官方網站公開最新典藏版本
,TX-20260228091100,20260228091100,《一天大人・御世篇》<br><br>一、層不同，法自異<br><br>一天大人曰：人在不同層次，所需,短偈金句,True,官方網站公開最新典藏版本
,TX-20260228090800,20260228090800,在人間，同一種方式，不能對所有人有效；<br>同一種語言，也不能對所有心靈可達。,短偈金句,True,官方網站公開最新典藏版本
,TX-20260225141000,20260225141000,人之所以痛苦，那是因為沒能賦予痛苦意義！,短偈金句,True,官方網站公開最新典藏版本
,TX-20260225140301,20260225140301,人來到世間，<br>不是為了證明自己有價值，<br>而是為了想起——<br>自己本來就無需證明。,短偈金句,True,官方網站公開最新典藏版本
,TX-20260225140300,20260225140300,眾生奔走萬途，不過尋回本心一事。,短偈金句,True,官方網站公開最新典藏版本
,TX-20260225140201,20260225140201,人不是來「成為什麼」，<br>而是來停止誤認自己不是什麼。<br>所謂修行，不是增加，<br>而是去,短偈金句,True,官方網站公開最新典藏版本
,TX-20260225140200,20260225140200,人生不是從匱乏走向圓滿，<br>而是從迷失回到本然。,短偈金句,True,官方網站公開最新典藏版本
,TX-20260225140100,20260225140100,你本來就是完整的，<br>此生不是為了變得圓滿，<br>而是為了醒來，看見自己的圓滿。,短偈金句,True,官方網站公開最新典藏版本
,TX-20260225140000,20260225140000,本自具足，而覺醒才是今生唯一的目的。,短偈金句,True,官方網站公開最新典藏版本
,TX-20260225135100,20260225135100,素行信仰核心教義,財富平衡,True,官方網站公開最新典藏版本
,TX-20260225130800,20260225130800,有人疾行，<br>有人緩步，<br>有人停歇，<br>有人回望。<br>只要不離方向，皆在路上。,短偈金句,True,官方網站公開最新典藏版本
,TX-20260225125200,20260225125200,若真為眾生好，<br>不必操控，也不必放任；<br>只需建立一個<br>讓清醒者能清醒、<br>迷者,短偈金句,True,官方網站公開最新典藏版本
,TX-20260225125100,20260225125100,不爭公平，也不製造不公；<br>不操控眾生，也不逃避眾生。,短偈金句,True,官方網站公開最新典藏版本
,TX-20260225125000,20260225125000,看清世界而不被拖走,短偈金句,True,官方網站公開最新典藏版本
,TX-20260225122000,20260225122000,清明創造多數人遵循的規則,短偈金句,True,官方網站公開最新典藏版本
,TX-20260225121800,20260225121800,多數不是方向，清明才是方向,短偈金句,True,官方網站公開最新典藏版本
,TX-20260225121702,20260225121702,群體可以提供安全，不能提供真相。,短偈金句,True,官方網站公開最新典藏版本
,TX-20260225121701,20260225121701,透過利用大家，創造大家，達成祂的任務,短偈金句,True,官方網站公開最新典藏版本
,TX-20260225121700,20260225121700,當所有人都說一樣的話，,本元覺醒,True,官方網站公開最新典藏版本
,TX-20260225121600,20260225121600,多數只能證明恐懼一致，不能證明真理存在。,短偈金句,True,官方網站公開最新典藏版本
,TX-20260225121500,20260225121500,歷史上最錯的事，幾乎都曾是「大家都這樣」,短偈金句,True,官方網站公開最新典藏版本
,TX-20260225121401,20260225121401,所謂「大家都這樣」，常常只是被製造出來的,短偈金句,True,官方網站公開最新典藏版本
,TX-20260225121400,20260225121400,最可怕的不是騙子，而是被騙後還去說服別人的人,短偈金句,True,官方網站公開最新典藏版本
,TX-20260225102400,20260225102400,AI 時代，人類真正的進化不是智能，而是清明。,短偈金句,True,官方網站公開最新典藏版本
,TX-20260225102302,20260225102302,AI 讓知識變廉價，引路人讓生命不迷路。,短偈金句,True,官方網站公開最新典藏版本
,TX-20260225102301,20260225102301,《AI 世代引路人宣言》<br>—— 知識無限時代的人類導航原則<br><br>一、時代已經改變<b,短偈金句,True,官方網站公開最新典藏版本
,TX-20260225102300,20260225102300,多數不是方向，清明才是方向。清明創造多數人遵循的規則。,短偈金句,True,官方網站公開最新典藏版本
,TX-20260222125931,20260222125931,破和強十行法,財富平衡,True,官方網站公開最新典藏版本
,TX-20260222125210,20260222125210,2026破和強｜時代轉換之素行,破與強・新時代,True,官方網站公開最新典藏版本
,TX-20260220142000,20260220142000,太初園若立，素行就不再只是思想，而是世界。,短偈金句,True,官方網站公開最新典藏版本
,TX-20260220140900,20260220140900,生而藏命<br>基以安行<br>天印在上<br>地守其根<br>災不入主<br>福自歸身<br>素行,短偈金句,True,官方網站公開最新典藏版本
,TX-20260220134800,20260220134800,《素行生基安命咒》<br><br>天地為證，太初為源<br>本元在上，外元在身<br>今以素行，安此,短偈金句,True,官方網站公開最新典藏版本
,TX-20260218101153,20260218101153,2026祂釋憲醒者能量,眾生與守地,True,官方網站公開最新典藏版本
,TX-20260217115800,20260217115800,素行醒者能量顯化<br><br>行<br><br>重實踐者｜以行證道<br>• 重在落地、做事、履行,短偈金句,True,官方網站公開最新典藏版本
,TX-20260216171030,20260216171030,2026能量巨變與人類心性轉換,破與強・新時代,True,官方網站公開最新典藏版本
,TX-20260215225400,20260215225400,素行醒者・小年夜誓願<br><br>小年將盡，舊歲未央，<br>萬象交界之時，正是轉機初動之刻。<b,短偈金句,True,官方網站公開最新典藏版本
,TX-20260214154300,20260214154300,未來人類精神支柱將是什麼<br><br>當傳統宗教逐漸式微，科技與資本又無法提供終極意義，人類將面臨,短偈金句,True,官方網站公開最新典藏版本
,TX-20260214142400,20260214142400,真正成熟的文明，不會完全沒有信仰，而是從「外在依附」轉為「內在覺知」。<br><br>未來的信仰，不,短偈金句,True,官方網站公開最新典藏版本
,TX-20260214142101,20260214142101,神話不是神的故事，<br>是人的需求被放大後的形狀。,短偈金句,True,官方網站公開最新典藏版本
,TX-20260214142100,20260214142100,人若不敢面對現實，<br>就會創造一個天堂。,短偈金句,True,官方網站公開最新典藏版本
,TX-20260214142000,20260214142000,本無神話，唯有人心造神。<br><br>恐懼時，造護佑之神；<br>無力時，造拯救之神；<br>貪求,短偈金句,True,官方網站公開最新典藏版本
,TX-20260214140900,20260214140900,《AI 時代不可替代之人》<br><br>未來之世，勞力可替，技術可替，知識可替，甚至情緒、創作與判,短偈金句,True,官方網站公開最新典藏版本
,TX-20260214140400,20260214140400,自在<br>人之苦，不在恨，亦不在愛，而在為恨所縛，為愛所囚。<br><br>恨者，使心繫於已逝之境,短偈金句,True,官方網站公開最新典藏版本
,TX-20260214135900,20260214135900,人生超越恨和愛的就是自在的生活,短偈金句,True,官方網站公開最新典藏版本
,TX-20260214133800,20260214133800,當我們願意放下那不一樣的外相，其實我們都一樣，生命就會成為一股強大無私的力量。,短偈金句,True,官方網站公開最新典藏版本
,TX-20260214104300,20260214104300,《政權、文明與人類共同體》<br><br>我們可以不認同任何一種政治制度，也可以批判任何一個政權，但,短偈金句,True,官方網站公開最新典藏版本
,TX-20260214100400,20260214100400,人可以不喜一個制度，<br>卻不必憎一片土地。<br><br>制度會變，政權會更，<br>思想會起落,短偈金句,True,官方網站公開最新典藏版本
,TX-20260211112400,20260211112400,元素人生 · 活出五形平衡<br><br>土｜承載（根）<br><br>土，是你的身體、生活結構、穩,短偈金句,True,官方網站公開最新典藏版本
,TX-20260211110000,20260211110000,一天大人示曰：<br>一、世界的變化，本質上是隨機的<br><br>所謂「隨機」，不是混亂，而是不以,短偈金句,True,官方網站公開最新典藏版本
,TX-20260210100800,20260210100800,一天大人示曰：你所受的苦難，當你願意坦然面對接受時，你正在得到一鼓別人無法得到的能量<br><br>,短偈金句,True,官方網站公開最新典藏版本
,TX-20260209100649,20260209100649,未來信仰不依附,本元覺醒,True,官方網站公開最新典藏版本
,TX-20260207131738,20260207131738,帶著答案找答案,本元覺醒,True,官方網站公開最新典藏版本
,TX-20260207095528,20260207095528,修行真實｜自在使用這個人,本元覺醒,True,官方網站公開最新典藏版本
,TX-20260206134147,20260206134147,好好愛地球,眾生與守地,True,官方網站公開最新典藏版本
,TX-20260206133950,20260206133950,地球共同之家,破與強・新時代,True,官方網站公開最新典藏版本
,TX-20260204130028,20260204130028,素行七日能量餐,本元覺醒,True,官方網站公開最新典藏版本
,TX-20260203143907,20260203143907,失去者｜心住昨天,本元覺醒,True,官方網站公開最新典藏版本
,TX-20260203141045,20260203141045,行於世而不屬世,本元覺醒,True,官方網站公開最新典藏版本
,TX-20260203051434,20260203051434,素行任務｜轉換不壞掉,本元覺醒,True,官方網站公開最新典藏版本
,TX-20260202113632,20260202113632,初心莫疑,眾生與守地,True,官方網站公開最新典藏版本
,TX-20260202113614,20260202113614,方向不因一人動搖,行動系統,True,官方網站公開最新典藏版本
,TX-20260202113535,20260202113535,靠清醒前進,本元覺醒,True,官方網站公開最新典藏版本
,TX-20260202113507,20260202113507,堅定的先行者,本元覺醒,True,官方網站公開最新典藏版本
,TX-20260202113431,20260202113431,先行者的孤獨與堅定,眾生與守地,True,官方網站公開最新典藏版本
,TX-20260130214113,20260130214113,世界改變時不崩潰,本元覺醒,True,官方網站公開最新典藏版本
,TX-20260130090610,20260130090610,痛苦不是定論,本元覺醒,True,官方網站公開最新典藏版本
,TX-20260130090535,20260130090535,未明，只因未到,本元覺醒,True,官方網站公開最新典藏版本
,TX-20260130090342,20260130090342,現在只是過程中,本元覺醒,True,官方網站公開最新典藏版本
,TX-20260130090058,20260130090058,最後還沒到,本元覺醒,True,官方網站公開最新典藏版本
,TX-20260130085720,20260130085720,未好之前不退出,本元覺醒,True,官方網站公開最新典藏版本
,TX-20260130085651,20260130085651,陪世界走到變好,本元覺醒,True,官方網站公開最新典藏版本
,TX-20260130085630,20260130085630,不要太早判定結局,本元覺醒,True,官方網站公開最新典藏版本
,TX-20260130085612,20260130085612,時間完成其事,本元覺醒,True,官方網站公開最新典藏版本
,TX-20260129071603,20260129071603,元德金君｜AI世代財富守衡,財富平衡,True,官方網站公開最新典藏版本
,TX-20260128084900,20260128084900,AI 時代的來臨，不是為了取代人類，而是給人類另一次超越自己的機會。,短偈金句,True,官方網站公開最新典藏版本
,TX-20260127161924,20260127161924,世界改變時不失去自己,本元覺醒,True,官方網站公開最新典藏版本
,TX-20260127114246,20260127114246,人類無知與AI風險,破與強・新時代,True,官方網站公開最新典藏版本
,TX-20260123091646,20260123091646,太素財神咒｜名稱請示,財富平衡,True,官方網站公開最新典藏版本
,TX-20260122211944,20260122211944,莫為一人疑素行,眾生與守地,True,官方網站公開最新典藏版本
,TX-20260122195047,20260122195047,醒者尊重｜分身定位,本元覺醒,True,官方網站公開最新典藏版本
,TX-20260121202816,20260121202816,國家治理｜未來存續系統,破與強・新時代,True,官方網站公開最新典藏版本
,TX-20260121113233,20260121113233,素行自律章｜能量不失控之道,行動系統,True,官方網站公開最新典藏版本
,TX-20260121112115,20260121112115,管理核心原則,本元覺醒,True,官方網站公開最新典藏版本
,TX-20260121104730,20260121104730,自在與無分,本元覺醒,True,官方網站公開最新典藏版本
,TX-20260112094707,20260112094707,AI時代真正門檻｜能量平衡應用,破與強・新時代,True,官方網站公開最新典藏版本
,TX-20260111111921,20260111111921,AI時代真正進化的是狀態,破與強・新時代,True,官方網站公開最新典藏版本
